forecast,big_buyers,big_share,current,split_same_month,split_flat
"All liquor, statewide",0,,,,
"Imported Brandies, Woodbury County, dollars, 3 months",0,,,,
"American Brandies, Marshall County, dollars, 6 months",2,0.51,0.848,1.065,0.952
"Jim Beam Brands, Johnson County, bottles, 12 months",0,,,,
"Southern Comfort Mini 50 ml, Iowa, bottles, 12 months",0,,,,
"Heaven Hill Brands, Poweshiek County, liters, 12 months",0,,,,
"Imported Cordials & Liqueur, Iowa, bottles, 12 months",0,,,,
"American Brandies, Iowa, dollars, 12 months",0,,,,
"American Flavored Vodka, Fayette County, dollars, 12 months",0,,,,
"Brown Forman Corp., Buena Vista County, dollars, 6 months",1,0.26,0.958,1.058,0.999
"American Vodkas, Iowa, bottles, 12 months",0,,,,
"Black Velvet 200 ml, Boone County, liters, 6 months",2,0.8,0.938,1.065,0.996
"Kinky Blue Mini 50 ml, O'Brien County, liters, 6 months",2,0.51,0.998,0.966,0.821
"Irish Whiskies, Iowa, bottles, 12 months",0,,,,
"Captain Morgan Original Spiced 1000 ml, Story County, bottles, 12 months",2,0.55,0.989,1.177,1.124
"Hawkeye Vodka Mini 50 ml, Iowa, liters, 6 months",0,,,,
"Imported Vodkas, Iowa, liters, 6 months",0,,,,
"Brown Forman Corp., Black Hawk County, dollars, 12 months",0,,,,
"Flavored Rum, Iowa, liters, 3 months",0,,,,
"Diageo Americas, Warren County, liters, 6 months",1,0.3,1.07,1.092,1.32
"Luxco Inc, Lee County, dollars, 6 months",1,0.28,0.838,0.984,0.717
"American Schnapps, Iowa, bottles, 3 months",0,,,,
"99 Bananas 100 ml, Woodbury County, liters, 12 months",0,,,,
"Smirnoff 80Prf Mini 50 ml, Marion County, bottles, 12 months",1,0.23,0.812,0.821,0.821
"Captain Morgan Original Spiced 375 ml, Iowa, bottles, 3 months",0,,,,
"Proximo, O'Brien County, liters, 6 months",1,0.48,0.877,1.111,0.852
"Luxco Inc, Dickinson County, dollars, 12 months",2,0.49,1.037,1.439,2.015
"Jim Beam Apple Mini 50 ml, Iowa, liters, 12 months",0,,,,
"Bacardi Usa Inc, Marshall County, dollars, 6 months",1,0.34,0.949,1.154,0.873
"Straight Bourbon Whiskies, Iowa, bottles, 6 months",0,,,,
"Tito's minis, Des Moines, next 5 months",1,0.29,0.92,0.864,1.049
"Fireball, Linn County, next quarter revenue",0,,,,
"Ready-to-drink cocktails, statewide, next 6 months",0,,,,
"Statewide total liters, next 12 months",0,,,,
