forecast,current_rel,current_s,middle_rel,middle_s
"All liquor, statewide",0.9685821519412168,24.441141843795776,0.9680886362159015,32.4279899597168
"Imported Brandies, Woodbury County, dollars, 3 months",0.8127838529007329,16.737815141677856,0.9190816082087564,24.642264127731323
"American Brandies, Marshall County, dollars, 6 months",0.8476975406719979,19.755115032196045,0.8425239877548157,25.13809108734131
"Jim Beam Brands, Johnson County, bottles, 12 months",0.8822809027880607,13.61863398551941,1.0226127562579448,17.89994192123413
"Southern Comfort Mini 50 ml, Iowa, bottles, 12 months",0.8613634499101233,7.816042900085449,0.8609701547517543,11.600436210632324
"Heaven Hill Brands, Poweshiek County, liters, 12 months",1.1327572730920636,12.49204134941101,1.0895748996336918,17.64386796951294
"Imported Cordials & Liqueur, Iowa, bottles, 12 months",1.428469355777773,15.366597890853882,1.2522126389972768,20.816803216934204
"American Brandies, Iowa, dollars, 12 months",0.4555130277462988,14.266693830490112,0.4555130277462988,20.14124608039856
"American Flavored Vodka, Fayette County, dollars, 12 months",0.83504395764015,11.403812170028688,0.83504395764015,18.428716897964478
"Brown Forman Corp., Buena Vista County, dollars, 6 months",0.9578675286131446,14.145896196365356,1.0336388270750987,23.630747079849243
"American Vodkas, Iowa, bottles, 12 months",0.7072707926566928,17.469833850860596,0.7166194800687894,24.102191925048828
"Black Velvet 200 ml, Boone County, liters, 6 months",0.9383727259501154,17.759917974472046,0.9383727259501154,26.450709104537964
"Kinky Blue Mini 50 ml, O'Brien County, liters, 6 months",0.9977054922251208,11.074076175689695,0.9936988160614448,20.766407251358032
"Irish Whiskies, Iowa, bottles, 12 months",1.5445783917954474,17.76823091506958,1.5305398621905064,23.365821361541748
"Captain Morgan Original Spiced 1000 ml, Story County, bottles, 12 months",0.9894426307466806,24.87215781211853,1.1357738987351378,30.162697076797485
"Hawkeye Vodka Mini 50 ml, Iowa, liters, 6 months",0.8464519249202286,10.919526100158691,0.8464519249202286,19.960922956466675
"Imported Vodkas, Iowa, liters, 6 months",0.8592652185221916,18.63872003555298,0.8591413836651023,27.856938362121582
"Brown Forman Corp., Black Hawk County, dollars, 12 months",0.731071056048029,17.341376066207886,0.7517526945248212,21.858737230300903
"Flavored Rum, Iowa, liters, 3 months",0.8045078315288781,21.07316493988037,0.9022817592948056,33.71310782432556
"Diageo Americas, Warren County, liters, 6 months",1.0695230987295774,19.491947889328003,1.0565251762429113,31.407377004623413
"Luxco Inc, Lee County, dollars, 6 months",0.8382863946697284,19.220665216445923,0.8791660024199441,30.398494005203247
"American Schnapps, Iowa, bottles, 3 months",0.5516846869523865,23.69237232208252,0.5683681070046912,35.02825403213501
"99 Bananas 100 ml, Woodbury County, liters, 12 months",1.4409542859725315,15.763834238052368,1.2428485313484219,22.136295795440674
"Smirnoff 80Prf Mini 50 ml, Marion County, bottles, 12 months",0.8123973657869352,10.039960145950316,0.8123973657869352,16.527302980422974
"Captain Morgan Original Spiced 375 ml, Iowa, bottles, 3 months",0.945437255153702,27.2188618183136,0.9454372551537021,37.32832098007202
"Proximo, O'Brien County, liters, 6 months",0.8771284338089899,15.727204084396362,0.8409819168876407,25.08590579032898
"Luxco Inc, Dickinson County, dollars, 12 months",1.0373759951558073,12.560039758682253,1.020393021732472,18.848119020462036
"Jim Beam Apple Mini 50 ml, Iowa, liters, 12 months",1.1434676423733938,16.419909715652466,1.2336989509857639,21.624528884887695
"Bacardi Usa Inc, Marshall County, dollars, 6 months",0.9487881504324716,21.07315182685852,0.9212551452228178,29.3503360748291
"Straight Bourbon Whiskies, Iowa, bottles, 6 months",0.8245574452238996,20.340176105499268,0.824972438550088,30.769824028015137
