forecast,current_rel,current_s,finer_rel,finer_s
"All liquor, statewide",0.9685821519412168,24.441141843795776,0.9680886362159015,40.6566698551178
"Imported Brandies, Woodbury County, dollars, 3 months",0.8127838529007329,16.737815141677856,0.923486695568994,36.209980964660645
"American Brandies, Marshall County, dollars, 6 months",0.8476975406719979,19.755115032196045,0.8279767640482195,38.15878891944885
"Jim Beam Brands, Johnson County, bottles, 12 months",0.8822809027880607,13.61863398551941,0.842778147890873,26.32490301132202
"Southern Comfort Mini 50 ml, Iowa, bottles, 12 months",0.8613634499101233,7.816042900085449,0.8609701547517543,21.370084762573242
"Heaven Hill Brands, Poweshiek County, liters, 12 months",1.1327572730920636,12.49204134941101,1.0992206524428787,27.871549129486084
"Imported Cordials & Liqueur, Iowa, bottles, 12 months",1.428469355777773,15.366597890853882,1.1704070453203685,30.914397954940796
"American Brandies, Iowa, dollars, 12 months",0.4555130277462988,14.266693830490112,0.4512778046098686,29.818378925323486
"American Flavored Vodka, Fayette County, dollars, 12 months",0.83504395764015,11.403812170028687,1.0709461811634158,25.804563999176025
"Brown Forman Corp., Buena Vista County, dollars, 6 months",0.9578675286131446,14.145896196365356,1.0301627293128575,36.17407417297363
"American Vodkas, Iowa, bottles, 12 months",0.7072707926566928,17.469833850860596,0.7166194800687894,31.77106809616089
"Black Velvet 200 ml, Boone County, liters, 6 months",0.9383727259501154,17.759917974472046,0.9383727259501154,37.97957897186279
"Kinky Blue Mini 50 ml, O'Brien County, liters, 6 months",0.9977054922251208,11.074076175689697,0.9625918429000141,31.427358150482178
"Irish Whiskies, Iowa, bottles, 12 months",1.5445783917954474,17.76823091506958,1.1448837480723453,37.67508292198181
"Captain Morgan Original Spiced 1000 ml, Story County, bottles, 12 months",0.9894426307466806,24.87215781211853,1.4292314982517502,37.99571394920349
"Hawkeye Vodka Mini 50 ml, Iowa, liters, 6 months",0.8464519249202286,10.919526100158691,0.7909619009955561,30.635510206222534
"Imported Vodkas, Iowa, liters, 6 months",0.8592652185221916,18.63872003555298,0.8591413836651023,43.65733075141907
"Brown Forman Corp., Black Hawk County, dollars, 12 months",0.731071056048029,17.341376066207886,0.7340424240096147,32.63250422477722
"Flavored Rum, Iowa, liters, 3 months",0.8045078315288781,21.07316493988037,0.8612103962373641,49.15422582626343
"Diageo Americas, Warren County, liters, 6 months",1.0695230987295774,19.491947889328003,1.0546119426125162,42.68721580505371
"Luxco Inc, Lee County, dollars, 6 months",0.8382863946697284,19.220665216445923,0.8791660024199441,43.12394404411316
"American Schnapps, Iowa, bottles, 3 months",0.5516846869523865,23.69237232208252,0.6031296005458918,52.12387180328369
"99 Bananas 100 ml, Woodbury County, liters, 12 months",1.4409542859725317,15.763834238052368,1.3445716704291943,29.58207392692566
"Smirnoff 80Prf Mini 50 ml, Marion County, bottles, 12 months",0.8123973657869352,10.039960145950317,0.8115041022952548,24.8841769695282
"Captain Morgan Original Spiced 375 ml, Iowa, bottles, 3 months",0.9454372551537021,27.2188618183136,0.9452794552162833,50.594194173812866
"Proximo, O'Brien County, liters, 6 months",0.8771284338089899,15.727204084396362,0.8631463981562036,39.71610903739929
"Luxco Inc, Dickinson County, dollars, 12 months",1.0373759951558073,12.560039758682251,1.012395863426035,31.28708791732788
"Jim Beam Apple Mini 50 ml, Iowa, liters, 12 months",1.1434676423733938,16.419909715652466,1.241387057941613,33.346718072891235
"Bacardi Usa Inc, Marshall County, dollars, 6 months",0.9487881504324716,21.07315182685852,0.9144929489029109,46.63543200492859
"Straight Bourbon Whiskies, Iowa, bottles, 6 months",0.8245574452238996,20.340176105499268,0.9999495497291311,45.14708685874939
