forecast,week_none,week_none_kept,week_m0,week_m0_kept,week_m2,week_m2_kept,week_m5,week_m5_kept,month_m0,month_m0_kept,month_m2,month_m2_kept
"All liquor, statewide",0.9651512038769624,none,0.9501552316955916,"season,stores",0.9501552316955916,"season,stores",1.0563635244171214,none,0.9685821519412168,"calendar,population",0.8835490971907113,calendar
"Imported Brandies, Woodbury County, dollars, 3 months",1.0203876544952761,none,0.8758296195993662,"holiday_weeks,stores",0.8815932792857297,stores,0.8815932792857297,stores,0.8127838529007329,"calendar,population",0.8128493420767716,calendar
"American Brandies, Marshall County, dollars, 6 months",0.7763608278070434,none,0.7561084912270838,stores,0.7763608278070434,none,0.7763608278070434,none,0.8476975406719979,"calendar,population",0.8494235169603556,calendar
"Jim Beam Brands, Johnson County, bottles, 12 months",0.9584384376345048,none,0.79577128354533,"season,stores",0.9108851170214395,none,0.9108851170214395,none,0.8822809027880607,"calendar,population",0.9185211388649768,population
"Southern Comfort Mini 50 ml, Iowa, bottles, 12 months",0.6985526877269365,none,0.6187158213704917,season,0.6319048128527278,none,0.6319048128527278,none,0.8613634499101233,"calendar,population",0.8613634499101233,"calendar,population"
"Heaven Hill Brands, Poweshiek County, liters, 12 months",0.8158002820267117,none,0.8459716439957164,"season,holiday_weeks,stores",0.8473793150929573,stores,0.9243126993015044,none,1.1327572730920636,"calendar,population",1.1327572730920636,"calendar,population"
"Imported Cordials & Liqueur, Iowa, bottles, 12 months",0.8604266680138527,none,0.9079945923014404,"season,holiday_weeks,stores",0.8911560521791316,stores,0.8911560521791316,stores,1.428469355777773,"calendar,population",1.2734491508873993,calendar
"American Brandies, Iowa, dollars, 12 months",0.8871449588680813,none,0.8030717286095426,"season,stores",0.7901649908611991,season,0.8070038152833839,none,0.4555130277462988,"calendar,population",0.5730805629540555,calendar
"American Flavored Vodka, Fayette County, dollars, 12 months",0.8542085487301543,none,0.8403663483920459,stores,0.8403663483920459,stores,0.8361983539302028,none,0.83504395764015,"calendar,population",0.8367629838643508,calendar
"Brown Forman Corp., Buena Vista County, dollars, 6 months",0.8990551081308082,none,0.8922986145967459,"season,stores",0.8990551081308082,none,0.8990551081308082,none,0.9578675286131446,"calendar,population",1.078497614723912,none
"American Vodkas, Iowa, bottles, 12 months",0.8692854652494896,none,0.856523989981311,"season,holiday_weeks,stores",0.856523989981311,"season,holiday_weeks,stores",0.8672275169531967,"season,stores",0.7072707926566928,"calendar,population",0.7072707926566928,"calendar,population"
"Black Velvet 200 ml, Boone County, liters, 6 months",0.7506575094311592,none,0.7305889696520007,"season,holiday_weeks,stores",0.7495498183632151,none,0.7495498183632151,none,0.9383727259501154,calendar,0.9383727259501154,calendar
"Kinky Blue Mini 50 ml, O'Brien County, liters, 6 months",1.0159710826256958,none,1.122486060950899,"season,stores",1.1587375763779852,season,1.1587375763779852,season,0.9977054922251208,"calendar,population",0.9977054922251208,"calendar,population"
"Irish Whiskies, Iowa, bottles, 12 months",0.9545986060278788,none,0.9385336506612584,"season,stores",0.9545986060278788,none,0.9545986060278788,none,1.5445783917954474,"calendar,population",1.5445783917954474,"calendar,population"
"Captain Morgan Original Spiced 1000 ml, Story County, bottles, 12 months",0.8933335026585735,none,0.8852138161885736,"season,stores",0.8917165562966909,none,0.8917165562966909,none,0.9894426307466806,"calendar,population",0.9894426307466806,"calendar,population"
"Hawkeye Vodka Mini 50 ml, Iowa, liters, 6 months",0.6482931382927085,none,0.5766827248216236,"season,holiday_weeks,stores",0.6577137268673952,stores,0.6577137268673952,stores,0.8464519249202286,calendar,0.8464519249202286,calendar
"Imported Vodkas, Iowa, liters, 6 months",0.8571575695644102,none,0.9189435233619475,"holiday_weeks,stores",0.8580079704675225,none,0.8580079704675225,none,0.8592652185221916,calendar,0.8592652185221916,calendar
"Brown Forman Corp., Black Hawk County, dollars, 12 months",0.8277455858457796,none,0.8316584439341188,holiday_weeks,0.8505797547712854,none,0.8505797547712854,none,0.731071056048029,"calendar,population",0.7300981420325695,calendar
"Flavored Rum, Iowa, liters, 3 months",0.9618401622278138,none,0.894688073994686,stores,0.894688073994686,stores,0.894688073994686,stores,0.8045078315288781,"calendar,population",0.8045078315288781,"calendar,population"
"Diageo Americas, Warren County, liters, 6 months",0.9741397455166463,none,0.9848244651187821,season,0.9848244651187821,season,0.9848244651187821,season,1.0695230987295774,calendar,1.0695230987295774,calendar
"Luxco Inc, Lee County, dollars, 6 months",0.7804556185876923,none,0.7399928329585597,"season,stores",0.7399928329585597,"season,stores",0.7240196465565156,stores,0.8382863946697284,calendar,0.8382863946697284,calendar
"American Schnapps, Iowa, bottles, 3 months",0.9167750242336358,none,0.7040794041417732,"season,holiday_weeks,stores",0.7092946396314003,"holiday_weeks,stores",0.7593290713317782,none,0.5516846869523865,"calendar,population",0.5065604261058358,calendar
"99 Bananas 100 ml, Woodbury County, liters, 12 months",0.806309034086927,none,0.7525809703486649,"season,holiday_weeks,stores",0.7520833875264434,stores,0.7520833875264434,stores,1.4409542859725317,"calendar,population",1.4409542859725317,"calendar,population"
"Smirnoff 80Prf Mini 50 ml, Marion County, bottles, 12 months",0.7856252858399165,none,0.7993459078205398,"season,stores",0.7979320475282337,stores,0.7979320475282337,stores,0.8123973657869352,population,0.8169476645724111,none
"Captain Morgan Original Spiced 375 ml, Iowa, bottles, 3 months",0.7333774452964519,none,0.7553718579639288,stores,0.7553718579639288,stores,0.7553718579639288,stores,0.9454372551537021,calendar,0.9454372551537021,calendar
"Proximo, O'Brien County, liters, 6 months",0.7066449665759463,none,0.7066449665759463,none,0.7066449665759463,none,0.7066449665759463,none,0.8771284338089899,calendar,0.8771284338089899,calendar
"Luxco Inc, Dickinson County, dollars, 12 months",0.9970667026178659,none,0.9403254708035506,"season,holiday_weeks",0.9629677123177657,season,0.9629677123177657,season,1.0373759951558073,"calendar,population",1.0373759951558073,"calendar,population"
"Jim Beam Apple Mini 50 ml, Iowa, liters, 12 months",0.7669408977819115,none,0.8034652569035888,"season,holiday_weeks",0.8365678257269673,none,0.8365678257269673,none,1.1434676423733938,calendar,1.1434676423733938,calendar
"Bacardi Usa Inc, Marshall County, dollars, 6 months",0.8027429370664946,none,0.8065470876376281,"season,holiday_weeks,stores",0.789886263970655,season,0.7823426332943609,none,0.9487881504324716,"calendar,population",0.9487881504324716,"calendar,population"
"Straight Bourbon Whiskies, Iowa, bottles, 6 months",0.8569222589388181,none,0.8198153734945973,season,0.8569222589388181,none,0.8569222589388181,none,0.8245574452238996,calendar,0.8245574452238996,calendar
