forecast,month_A,month_A_kept,month_B,month_B_kept,month_C,month_C_kept,week_A,week_A_kept,week_B,week_B_kept,week_C,week_C_kept
"All liquor, statewide",0.900869196372724,calendar,0.8061433822197118,"season,holidays",0.8061433822197118,"season,holidays",0.9550285027162504,"season,holiday_weeks,stores",0.9575325451072613,"season,holidays,stores",0.932881245495342,"season,holidays,stores"
"Imported Brandies, Woodbury County, dollars, 3 months",0.7758377139310862,none,0.6168298596160559,"season,holidays,population",0.6168298596160559,"season,holidays,population",1.0372830610048802,"holiday_weeks,stores",1.0250598780957811,stores,1.0250598780957811,stores
"American Brandies, Marshall County, dollars, 6 months",0.8908202241782152,"calendar,population",1.0203118360454868,"season,holidays,stores",1.0203118360454868,"season,holidays,stores",0.7672386777077675,stores,0.7672386777077675,stores,0.7672386777077675,stores
"Jim Beam Brands, Johnson County, bottles, 12 months",0.8822809027880607,"calendar,population",0.947730798964733,"season,holidays,population",0.947730798964733,"season,holidays,population",0.7871090731856055,stores,0.7541370591657814,"population,stores",0.7541370591657814,"population,stores"
"Southern Comfort Mini 50 ml, Iowa, bottles, 12 months",0.8136451612022337,"calendar,population",0.7290704491261445,"season,holidays,stores",0.7290704491261445,"season,holidays,stores",0.7864418999385063,"holiday_weeks,stores",0.7837462668313293,"holidays,stores",0.7837462668313293,"holidays,stores"
"Heaven Hill Brands, Poweshiek County, liters, 12 months",0.9827074042563071,population,0.7974873887963718,"season,holidays,population",0.7974873887963718,"season,holidays,population",0.9309732518582667,season,0.8458232802177046,"season,holidays,population,stores",0.8458232802177046,"season,holidays,population,stores"
"Imported Cordials & Liqueur, Iowa, bottles, 12 months",1.495839438261968,"calendar,population",1.0974802997044255,"season,holidays,population,stores",0.9804594550881695,"season,holidays,population,stores",0.8898470174000712,"season,holiday_weeks,stores",0.8831513702187752,"season,holidays,stores",0.8831513702187752,"season,holidays,stores"
"American Brandies, Iowa, dollars, 12 months",0.41078736116397047,"calendar,population",0.44831266959410265,"holidays,population,stores",0.44831266959410265,"holidays,population,stores",0.7674785977540586,season,0.9020456075689548,"population,stores",0.9020456075689548,"population,stores"
"American Flavored Vodka, Fayette County, dollars, 12 months",1.0614887265457058,none,0.9215356561883771,"season,stores",0.9215356561883771,"season,stores",0.8343781165114192,stores,0.8343781165114192,stores,0.8343781165114192,stores
"Brown Forman Corp., Buena Vista County, dollars, 6 months",1.036955690124248,none,1.035514138268977,season,1.035514138268977,season,0.8800657732638613,stores,0.8913978762586251,season,0.8913978762586251,season
"American Vodkas, Iowa, bottles, 12 months",0.7072707926566928,"calendar,population",0.6083375738251005,"season,holidays,population,stores",0.6083375738251005,"season,holidays,population,stores",0.8239995597933105,"season,stores",0.8467763956112511,"season,population,stores",0.8239995597933105,"season,stores"
"Black Velvet 200 ml, Boone County, liters, 6 months",0.9383727259501154,calendar,1.036014538005029,"season,holidays,population,stores",1.052074642748378,"season,holidays,population,stores",0.7526964339050092,"season,holiday_weeks,stores",0.7540895306370989,"season,holidays,stores",0.7540895306370989,"season,holidays,stores"
"Kinky Blue Mini 50 ml, O'Brien County, liters, 6 months",0.9977054922251208,"calendar,population",1.2479010630610865,"season,holidays,stores",1.4362310736042678,"season,holidays,stores",1.0855809970882226,"holiday_weeks,stores",1.7904600359976726,"season,holidays,population,stores",0.9575465285160435,"population,stores"
"Irish Whiskies, Iowa, bottles, 12 months",1.419750617695955,population,1.0563595804223718,"season,holidays,population",1.0563595804223718,"season,holidays,population",0.9062479372400749,"season,holiday_weeks,stores",0.9669527065512674,"season,population",0.9669527065512674,"season,population"
"Captain Morgan Original Spiced 1000 ml, Story County, bottles, 12 months",1.3325074220627469,population,1.364079422912425,"season,population",1.2686931486821058,"season,holidays,population,stores",0.8933335026585735,season,0.9308529387393091,"season,population,stores",0.9308529387393091,"season,population,stores"
"Hawkeye Vodka Mini 50 ml, Iowa, liters, 6 months",0.8464519249202286,calendar,0.794939828532489,"season,holidays,population,stores",0.794939828532489,"season,holidays,population,stores",0.5862959213775841,"season,holiday_weeks,stores",0.5852252269131503,"season,holidays,stores",0.5852252269131503,"season,holidays,stores"
"Imported Vodkas, Iowa, liters, 6 months",0.8976916573920496,population,0.9588297236279646,"population,stores",0.8986817587209057,"population,stores",0.8692902326025358,"season,holiday_weeks,stores",0.8750910436936186,"season,holidays,population,stores",0.8680189855293213,"season,holidays,population,stores"
"Brown Forman Corp., Black Hawk County, dollars, 12 months",1.0187781592048548,population,0.8280010001147214,"season,holidays,population,stores",0.9210689946163184,stores,0.8479376510884097,season,0.8327210103304725,"season,holidays,population",0.8326423137908426,"season,holidays,population"
"Flavored Rum, Iowa, liters, 3 months",0.7776249552894716,"calendar,population",0.6982015854902817,"season,holidays,stores",0.7052000796879206,"season,holidays,stores",0.8672016331193427,"season,holiday_weeks,stores",0.8449283115389224,"season,holidays,stores",0.8483969411269021,"season,holidays,stores"
"Diageo Americas, Warren County, liters, 6 months",1.0381584139068205,calendar,1.0343554181039867,"season,holidays",1.0343554181039867,"season,holidays",0.9572215364760941,"season,holiday_weeks,stores",0.970365097806419,"season,population,stores",0.9743759752031057,"season,holidays,stores"
"Luxco Inc, Lee County, dollars, 6 months",0.8899814330940999,"calendar,population",0.7515005873745488,"season,holidays,population,stores",0.8722191054330871,"season,holidays,population",0.7692888219466284,"season,stores",0.8225211038639709,"season,population",0.8225211038639709,"season,population"
"American Schnapps, Iowa, bottles, 3 months",0.6525190228966593,calendar,0.5439802176439509,"season,holidays",0.5439802176439509,"season,holidays",0.7875307397357542,"season,holiday_weeks",0.7810399352674738,"season,holidays",0.694969311967558,"season,holidays"
"99 Bananas 100 ml, Woodbury County, liters, 12 months",1.1380178137450558,"calendar,population",1.3601820840187295,"season,holidays,population,stores",1.069490924761494,"season,holidays,population",0.8200235026695398,"season,holiday_weeks,stores",0.7988162917023353,"season,holidays,population",0.8072517374359983,"season,holidays,population,stores"
"Smirnoff 80Prf Mini 50 ml, Marion County, bottles, 12 months",0.8902475739828288,calendar,0.8950580513974523,"season,population",0.8488763034907162,"season,population",0.8003765754142805,"season,stores",0.8003765754142805,"season,stores",0.8003765754142805,"season,stores"
"Captain Morgan Original Spiced 375 ml, Iowa, bottles, 3 months",1.091762208191098,calendar,1.1180982873633156,"season,holidays,population,stores",1.1180982873633156,"season,holidays,population,stores",0.8229250050513018,"season,holiday_weeks,stores",0.7405753942048654,"population,stores",0.7405753942048654,"population,stores"
"Proximo, O'Brien County, liters, 6 months",0.9577800133019213,"calendar,population",1.0974800118923667,"season,holidays,stores",1.0556071144116874,season,0.68828445750317,season,0.7663372472683632,season,0.7663372472683632,season
"Luxco Inc, Dickinson County, dollars, 12 months",1.0373759951558073,"calendar,population",1.014746139918981,"season,holidays,population",1.014746139918981,"season,holidays,population",0.9458220064065076,"season,stores",0.9340539987128557,"season,holidays,stores",0.9662888297447558,"season,holidays,population"
"Jim Beam Apple Mini 50 ml, Iowa, liters, 12 months",0.8732377134464799,none,1.4005782804308688,"holidays,population,stores",1.0784857500743705,"season,holidays,population,stores",0.8155201510232246,"season,holiday_weeks",0.9634941807356344,"season,population",0.7797351146720546,"season,population"
"Bacardi Usa Inc, Marshall County, dollars, 6 months",0.917602688293847,"calendar,population",0.897432530909794,"season,population",0.9081531648190794,"season,holidays",0.830916272564734,"season,holiday_weeks",0.8339533329204927,"holidays,population",0.8339533329204927,"holidays,population"
"Straight Bourbon Whiskies, Iowa, bottles, 6 months",0.8753159360397234,calendar,0.8102138276597983,holidays,0.8102138276597983,holidays,0.8569222589388181,none,0.8569222589388181,none,0.8279435457225915,"season,holidays,stores"
