forecast,horizon,rel_mae,model_error,baseline_error,model,seconds
"All liquor, statewide",6,0.9685821519412164,0.047405684790705574,0.0489345009064832,ridge,21.6
"Flavored Rum, Woodbury County, dollars, 3 months",3,1.0272804798398478,0.2584444689797921,0.2516198290519034,lightgbm,14.2
"Imported Vodkas, Marshall County, dollars, 6 months",6,0.7824216791479193,0.211364708610675,0.2701155090807904,ridge,11.8
"Jim Beam Brands, Johnson County, bottles, 12 months",12,0.8895664881761167,0.1343167662790352,0.15095802904754047,ridge,9.6
"Fireball Cinnamon Whiskey 200 ml, Iowa, bottles, 12 months",12,0.8758270697493002,0.13388972627791648,0.15276216753682154,ridge,8.5
"Heaven Hill Brands, Poweshiek County, liters, 12 months",12,0.9077253123975035,0.1708910642807126,0.18802261577360171,lightgbm,12.6
"Imported Schnapps, Iowa, bottles, 12 months",12,0.8690575879128568,0.06972585709838125,0.0803071102328283,ridge,12.1
"Imported Vodkas, Iowa, dollars, 12 months",12,0.9162939067565694,0.09639629814887611,0.10524618763618537,lightgbm,13.2
"Blended Whiskies, Fayette County, dollars, 12 months",12,0.7583743523079287,0.1388059411396445,0.18295320868504583,ridge,12.1
"E & J Gallo Winery, Buena Vista County, dollars, 6 months",6,1.2028457904840624,0.4905742028559351,0.40691381730765325,ridge,16.0
"American Vodkas, Iowa, bottles, 12 months",12,0.939399436358742,0.03784171011968962,0.04029483505874053,lightgbm,14.7
"Five O'Clock Vodka 375 ml, Boone County, liters, 6 months",6,0.9247299315226636,0.8238714740430643,0.8890328940588166,ridge,13.3
"Hennessy Vs 750 ml, O'Brien County, liters, 6 months",6,0.4776324897078117,0.33216761464933703,0.6957618475568451,ridge,13.5
"Irish Whiskies, Iowa, bottles, 12 months",12,1.7269831031852512,0.10045062102547762,0.058122168698427915,ridge,11.6
"Barton Vodka 1000 ml, Story County, bottles, 12 months",12,1.2311044148364985,0.981596318286172,0.7928142617181836,ridge,10.2
"Titos Handmade Vodka 750 ml, Iowa, liters, 6 months",6,1.4997527805902742,0.07899888434835378,0.05267988189703179,ridge,18.3
"American Brandies, Iowa, liters, 6 months",6,0.6008237259495128,0.0464093006339269,0.0771677265384011,ridge,16.7
"E & J Gallo Winery, Black Hawk County, dollars, 12 months",12,0.9426194991862615,0.20603277875362108,0.2173493380749573,ridge,12.4
"Cream Liqueurs, Iowa, liters, 3 months",3,1.157745298521083,0.1737966500004191,0.15011893357171635,lightgbm,23.7
"Diageo Americas, Warren County, liters, 6 months",6,1.0432117590302163,0.1433582004795603,0.1375283914130133,ridge,18.9
"Luxco Inc, Lee County, dollars, 6 months",6,0.8382863946697283,0.22060113860064687,0.2629708199806672,ridge,20.0
"American Flavored Vodka, Iowa, bottles, 3 months",3,0.9812641835574252,0.07512707294231624,0.07655530793790223,lightgbm,24.7
"Smirnoff 80Prf 375 ml, Woodbury County, liters, 12 months",12,0.8055359769806015,0.21706447880299043,0.2690088016406088,ridge,12.9
"Hawkeye Vodka 1750 ml, Marion County, bottles, 12 months",12,0.601727413781195,0.12250443096277874,0.20355581366323228,lightgbm,20.1
"Malibu Coconut 1000 ml, Iowa, bottles, 3 months",3,0.931087938279519,0.1334155703451913,0.1434517975136221,lightgbm,24.7
"Brown Forman Corp., O'Brien County, liters, 6 months",6,0.7616421855729532,0.425732224894012,0.5585320015455114,ridge,25.9
"Luxco Inc, Dickinson County, dollars, 12 months",12,1.0373759951558068,0.17324516328861925,0.1669449278095246,ridge,14.0
"Jack Daniels Old #7 Black Label 1000 ml, Iowa, liters, 12 months",12,0.6896144162690049,0.12452405232569326,0.17979123769855826,ridge,15.4
"Proximo, Marshall County, dollars, 6 months",6,0.8154436914344767,0.24859774424606831,0.30511443600612875,ridge,17.4
"Straight Bourbon Whiskies, Iowa, bottles, 6 months",6,1.0486312919372651,0.05214822262137042,0.04977180751745557,ridge,19.5
