forecast,month_C,week_C
"All liquor, statewide",0.964082498593669,0.9464894423022223
"Imported Brandies, Woodbury County, dollars, 3 months",0.6740880900684724,0.912572108285257
"American Brandies, Marshall County, dollars, 6 months",0.8570553094228693,0.7731826754626292
"Jim Beam Brands, Johnson County, bottles, 12 months",0.8951614138722253,0.7957734369176025
"Southern Comfort Mini 50 ml, Iowa, bottles, 12 months",0.8276790267823569,0.6325199074599801
"Heaven Hill Brands, Poweshiek County, liters, 12 months",1.005089391285272,0.8807643196954241
"Imported Cordials & Liqueur, Iowa, bottles, 12 months",1.3150504531451304,0.9149914631050883
"American Brandies, Iowa, dollars, 12 months",0.5247770517914779,0.7922381520590768
"American Flavored Vodka, Fayette County, dollars, 12 months",1.047429380247691,0.8559008906099078
"Brown Forman Corp., Buena Vista County, dollars, 6 months",0.9758055929238132,0.8818060349135943
"American Vodkas, Iowa, bottles, 12 months",0.7137930457290468,0.8251108397388136
"Black Velvet 200 ml, Boone County, liters, 6 months",0.9562097729301314,0.7324918560302391
"Kinky Blue Mini 50 ml, O'Brien County, liters, 6 months",0.8518592308010005,1.1486089013322183
"Irish Whiskies, Iowa, bottles, 12 months",1.22605639053423,0.9085517319990933
"Captain Morgan Original Spiced 1000 ml, Story County, bottles, 12 months",1.0932562635721887,0.827864895104912
"Hawkeye Vodka Mini 50 ml, Iowa, liters, 6 months",0.725106998620951,0.5780354222584904
"Imported Vodkas, Iowa, liters, 6 months",0.8057852820418169,0.8992740160542808
"Brown Forman Corp., Black Hawk County, dollars, 12 months",0.7607710551317459,0.8289955296066066
"Flavored Rum, Iowa, liters, 3 months",0.7737683234682973,0.8742615843932647
"Diageo Americas, Warren County, liters, 6 months",1.0110007211028058,0.9160604457855822
"Luxco Inc, Lee County, dollars, 6 months",0.8952949160963767,0.7471266718173906
"American Schnapps, Iowa, bottles, 3 months",0.6498690010007465,0.819408017991388
"99 Bananas 100 ml, Woodbury County, liters, 12 months",1.1614568812448611,0.7555180707023071
"Smirnoff 80Prf Mini 50 ml, Marion County, bottles, 12 months",0.8152933081678223,0.8023729333719332
"Captain Morgan Original Spiced 375 ml, Iowa, bottles, 3 months",0.9924561069584869,0.7696218876030163
"Proximo, O'Brien County, liters, 6 months",0.965491314878818,0.6920671656724431
"Luxco Inc, Dickinson County, dollars, 12 months",1.0691359076733353,0.952999768930602
"Jim Beam Apple Mini 50 ml, Iowa, liters, 12 months",0.9299057548155033,0.7939165344909207
"Bacardi Usa Inc, Marshall County, dollars, 6 months",0.9122840599537952,0.7683461173707263
"Straight Bourbon Whiskies, Iowa, bottles, 6 months",0.7793912923026858,0.8144618273412357
